"case_id","title","audience_id","motivation_id","scenario_id","rule_ids","metadata_path","asset_location","external_image_url","source_platform","source_url","storage_type","is_seed","review_status","reviewer","reviewed_at","usage_status","rights_status","rights_proof_ref","public_repository_allowed","checksum_sha256"
"C-001","凤凰芭蕾铝合金自行车男女成人24/26寸通勤轻便学生普通城市复古","P02","M03","S03","","cases/metadata/C-001.json","","https://click.simba.taobao.com/cc_im?spm=a21n57.sem.item.174&s=1924914106&clk1=566e119877181422b9064ca55b7b6d68&k=2681&e=W7iFuXu5zqqvedDIqZJYawq3SUKAZd2u31%2FhSHOh2z%2BE7L31bIrlwYCxH2qyHANrV4HEG0l%2FudNaUl7%2BEBgPkL31GaTGoTubF0Bj4tOd8sprpaEDEa3J2sOQPJcrAYiVi2aIAlJiaxAyzQpOaQrPbv41TN1tcFxQXwDtQorZdAJOGDBNaT3E6OwS%2BtnZEH9My%2FGUyzPreq7Ok9X2ugkYCkH0v36iP1Ac238tlzg0B%2BR8FK%2FVGt5B2bXc53PmLC2WLumrIMIHGgyEzogXMBCaI3LfhoGeHSaR4tnrtHJdnP20437Zqcb3E%2FRXd%2BjpXUyOx0zE73sM7%2BxlvGihmnZIH7OeBrU%2BvjUeixkENyLrAbVCNQwYt5%2BjgMjmQ1ewsdRtASJ5Sm8mYIuKxNA%2BPdty6WldYoFQy5aVYnPiyLetFazPCkGu5at4Cm8dGgw7c%2B6gYlywNYZKFQZEgfXgGdgyDLcyS2EOsst8%2BrKIEGOQrWvQX53DT2D8hrO12S6cvB%2F2EkzeQVorMlCvhWot1DM%2FmZ51tpJu3ikQVXzoLUlb3W5kMse0Fh8a8IlzAWna3Y2ex3DUmLsxewiVx0di4g5%2BOKYOWmoofctnqEneK90xyhKUguTVMW9fDNCAuCVGwEFRwiPrnPB07%2BCjCrvYNEAEIp5QTeZg%2BYb0zeThiDJg%2Fq%2B5pPNpj88q%2FQRL2Fd0PKOfKaq5OlA6AV%2FoOlv38C1rxwUT0pm8OryVDtacOLpZkAaSOWpAjgvL0dZ%2BbRI%2Bv%2Fj4d%2Fr%2F5cqn2M4zodMRLLYcUK9h31RjjxM%2B2gtIrGANCrKM6fsDy","天猫","https://detail.tmall.com/item.htm?id=763625055933&skuId=5429053683344","external_research_reference","false","draft","","","research_reference_only","third_party_unverified","","false",""
"C-002","TeenieWeenie单肩大容量托特包女TW小熊棋盘格旅游通勤包包妈咪包","P02","M03","S03","","cases/metadata/C-002.json","","https://gw.alicdn.com/imgextra/O1CN01hoHm4DIr8AC2vHAO_!!2215928625471-0-picasso.jpg","天猫","https://detail.tmall.com/item.htm?id=964645377689&skuId=6111573592996","external_research_reference","false","draft","","","research_reference_only","third_party_unverified","","false",""
"C-003","cliton便携式意式浓缩萃取户外咖啡机自动浓缩胶囊咖啡器套装2313","P02","M03","S03","","cases/metadata/C-003.json","","https://gw.alicdn.com/imgextra/O1CN01rSHzCC4XhoJ2vH2e_!!2616970884-0-picasso.jpg_.webp","天猫","https://detail.tmall.com/item.htm?id=726771006218&skuId=5438520567134","external_research_reference","false","draft","","","research_reference_only","third_party_unverified","","false",""
"C-004","稚优泉泡泡液体腮红水光膨胀收缩色缎光高光修容晒红液日常淡妆女","P01","M05","S05","R-002;R-102;R-205","cases/metadata/C-004.json","https://gw.alicdn.com/imgextra/O1CN01fVTsBTksaEH1WPjS_!!776151038-0-picasso.jpg_.webp","https://gw.alicdn.com/imgextra/O1CN01fVTsBTksaEH1WPjS_!!776151038-0-picasso.jpg_.webp","天猫","https://detail.tmall.com/item.htm?id=1046008003404&skuId=6239069839489","external_reference_pinned","true","approved","C_group + project_owner + A_group","2026-10-04T00:00:00+08:00","internal_reference_seed","internal_reference_authorized","AUTH-SEED-1.0-001","false","ff66dccb8e3bffd760a81c351c045640d004d20412c92280ce8c6a7661dad099"
"C-005","REMAX TWS-19 半入耳式双主机无线蓝牙耳机（紫色）","P01","M05","S05","R-002;R-102;R-205","cases/metadata/C-005.json","","https://alexnld.com/wp-content/uploads/2023/05/IP6D1198_B5-2.jpg","alexnld","https://alexnld.com/product/remax-tws-19-semi-in-ear-dual-host-wireless-bluetooth-earphones-purple/","external_research_reference","false","draft","","","research_reference_only","third_party_unverified","","false",""
"C-006","roborock Q7 M5+ 机器人吸尘器和拖把","P03","M02","S01","R-003;R-103;R-202","cases/metadata/C-006.json","https://m.media-amazon.com/images/I/71auiEZ+gQL._AC_SL1500_.jpg","https://m.media-amazon.com/images/I/71auiEZ+gQL._AC_SL1500_.jpg","amazon","https://www.amazon.com/roborock-Q7-M5-Self-Emptying-Anti-Tangle/dp/B0DWX69JVG","external_reference_pinned","true","approved","C_group + project_owner + A_group","2026-10-04T00:00:00+08:00","internal_reference_seed","internal_reference_authorized","AUTH-SEED-1.0-001","false","fc65d6eb4bbbfd1a3af39b152347e9f7588a1e32ef8c91d85833530da696238a"
"C-007","厨房置物架调料柜多层抽拉式调料收纳架油盐酱醋调味品窄边储物架","P03","M02","S01","","cases/metadata/C-007.json","","https://img.alicdn.com/imgextra/i2/2212455037527/O1CN01mkk5SP25TQITstv8h_!!2212455037527.jpg_q50.jpg_.webp","天猫","https://item.taobao.com/item.htm?id=1000468515877&skuId=6155856379435","external_research_reference","false","draft","","","research_reference_only","third_party_unverified","","false",""
"C-008","得力中性笔直液式走珠笔速干大容量直液笔黑笔办公室签字考试专用子弹头针管型水性笔圆珠碳素笔官方旗舰正品","P05","M01","S02","","cases/metadata/C-008.json","","https://gw.alicdn.com/imgextra/i4/2217726865021/O1CN01N4lrr41mxflHrWx0s_!!4611686018427383421-0-item_pic.jpg","天猫","https://detail.tmall.com/item.htm?id=902067455978&skuId=5948498141927","external_research_reference","false","draft","","","research_reference_only","third_party_unverified","","false",""
"C-009","跨境LED学生阅读护眼台灯宿舍床头照明灯USB万向桌面长臂夹子台灯","P05","M01","S02","","cases/metadata/C-009.json","","https://img.alicdn.com/imgextra/i3/2218725961557/O1CN01RdC4m3ofoOH1chua_!!2218725961557.jpg_q50.jpg_.webp","淘宝","https://item.taobao.com/item.htm?id=1084934884067&skuId=6301874199622","external_research_reference","false","draft","","","research_reference_only","third_party_unverified","","false",""
"C-010","MIU MIU 缪缪香水臻享礼盒","P04","M06","S06","R-005;R-105;R-206","cases/metadata/C-010.json","https://img.alicdn.com/imgextra/i4/2219802899119/O1CN01sjyBaO2HEYpMnlPwr_!!4611686018427384495-0-item_pic.jpg_q50.jpg_.webp","https://img.alicdn.com/imgextra/i4/2219802899119/O1CN01sjyBaO2HEYpMnlPwr_!!4611686018427384495-0-item_pic.jpg_q50.jpg_.webp","天猫","https://detail.tmall.com/item.htm?id=986894429236&skuId=5966515336106","external_reference_pinned","true","approved","C_group + project_owner + A_group","2026-10-04T00:00:00+08:00","internal_reference_seed","internal_reference_authorized","AUTH-SEED-1.0-001","false","374f7e52b40b9be0058a5f7e3e4455c0739ca8355819cad28fca67660c7ca918"
"C-011","merridarno苏绣真丝丝巾礼盒","P04","M06","S06","","cases/metadata/C-011.json","","https://img.alicdn.com/imgextra/i3/2212099235170/O1CN01gi1vwu1o3ummmKS1K_!!4611686018427387234-0-item_pic.jpg_q50.jpg_.webp","天猫","https://detail.tmall.com/item.htm?id=1028752736106","external_research_reference","false","draft","","","research_reference_only","third_party_unverified","","false",""
"C-012","Apple AirPods Pro 3 带主动降噪的无线耳机","P02","M03","S02","","cases/metadata/C-012.json","","https://m.media-amazon.com/images/I/61h9Etg5SOL._AC_SL1500_.jpg","amazon","https://www.amazon.com/Apple-Cancellation-Translation-Headphones-High-Fidelity/dp/B0FQFB8FMG","external_research_reference","false","draft","","","research_reference_only","third_party_unverified","","false",""
"C-013","Keurig K-Elite 单杯K杯胶囊咖啡机","P02","M03","S01","R-101;R-203","cases/metadata/C-013.json","","https://m.media-amazon.com/images/I/71lb9vvZC2L._AC_SL1500_.jpg","amazon","https://www.amazon.com/Keurig-K-Elite-Single-Coffee-Brushed/dp/B07N3GRVGS","external_research_reference","false","draft","","","research_reference_only","third_party_unverified","","false",""
"C-014","多巴胺香薰蜡烛苹果小众实用生日礼物可爱送女生礼盒卧室装饰摆件","P01","M05","S01","","cases/metadata/C-014.json","","https://img.alicdn.com/imgextra/i1/405393707/O1CN018YcP9K1dFrHvBY7EY_!!405393707.jpg_q50.jpg_.webp","淘宝","https://item.taobao.com/item.htm?id=952878237638&skuId=5870781960981","external_research_reference","false","draft","","","research_reference_only","third_party_unverified","","false",""
"C-015","POPMART泡泡玛特MOLLY沿途的风景系列纪念册迷你包盲盒礼物","P01","M05","S05","","cases/metadata/C-015.json","","https://img.alicdn.com/imgextra/i1/2885348004/O1CN01yI6qZjAFg4L1chua_!!4611686018427382436-0-item_pic.jpg_q50.jpg_.webp","天猫","https://detail.tmall.com/item.htm?id=1016991163312","external_research_reference","false","draft","","","research_reference_only","third_party_unverified","","false",""
"C-016","修眉刀片女专用锋利刮眉刀套装化妆师专用初学者刮眉修眉画眉神器","P05","M01","S01","","cases/metadata/C-016.json","","https://img.pddpic.com/mms-material-img/2025-01-08/750f8dd2-bcc5-42ea-b36c-9f2c486638d5.jpeg","拼多多","https://pifa.pinduoduo.com/goods/detail/","external_research_reference","false","draft","","","research_reference_only","third_party_unverified","","false",""
"C-017","Tikom 机器人吸尘器和拖把","P03","M02","S01","R-003;R-103;R-202","cases/metadata/C-017.json","","https://m.media-amazon.com/images/I/81r5iQUgQOL._AC_SL1500_.jpg","amazon","https://www.amazon.com/Tikom-Self-Emptying-Navigation-L8000-Plus/dp/B0FKH1RW65","external_research_reference","false","draft","","","research_reference_only","third_party_unverified","","false",""
"C-018","益圆碳性电池五号5号空调电视电风扇灯遥控器智能电子家居可视电子门铃体重秤计算器七号7号电池官方正品AIR","P05","M03","S01","R-010;R-108;R-203","cases/metadata/C-018.json","","https://img.alicdn.com/imgextra/i3/2215257299546/O1CN01seL1lu2KO7xNkrCQO_!!2215257299546.jpg_q50.jpg_.webp","天猫","https://detail.tmall.com/item.htm?id=722765525710&skuId=6005136012083","external_research_reference","false","draft","","","research_reference_only","third_party_unverified","","false",""
"C-019","大疆 DJI Ronin 4D 如影全画幅旗舰云台四轴增稳电影机专业摄像机","P04","M04","S02","R-009;R-107;R-204","cases/metadata/C-019.json","https://img.alicdn.com/imgextra/i1/1773095659/O1CN01iZFoYaARZaE1chua_!!4611686018427382507-0-item_pic.jpg_q50.jpg_.webp","https://img.alicdn.com/imgextra/i1/1773095659/O1CN01iZFoYaARZaE1chua_!!4611686018427382507-0-item_pic.jpg_q50.jpg_.webp","天猫","https://detail.tmall.com/item.htm?id=672898569437","external_reference_pinned","true","approved","C_group + project_owner + A_group","2026-10-04T00:00:00+08:00","internal_reference_seed","internal_reference_authorized","AUTH-SEED-1.0-001","false","04fa3b7ea1846eba8ef0601df48c84f744a2f87b897dcecbd174e26e0be24551"
"C-020","Lavas扩香石300g自然之息系列 无火香薰晶石精油香氛","P04","M05","S01","","cases/metadata/C-020.json","","https://img.alicdn.com/imgextra/i3/2213953248029/O1CN01YvomcmomzhJ2vH2e_!!4611686018427386653-2-item_pic.png_q50.jpg_.webp","天猫","https://detail.tmall.com/item.htm?id=743619549404&skuId=5704271585729","external_research_reference","false","draft","","","research_reference_only","third_party_unverified","","false",""
"C-021","MIU MIU 缪缪滢蓝女士香水","P04","M05","S05","","cases/metadata/C-021.json","","https://img.alicdn.com/imgextra/i3/2219802899119/O1CN01S4ybOifUKHI1WPjS_!!2219802899119.jpg_q50.jpg_.webp","天猫","https://detail.tmall.com/item.htm?id=964363483125&skuId=6072683042054","external_research_reference","false","draft","","","research_reference_only","third_party_unverified","","false",""
"C-022","NewLeaf坚果礼盒送长辈年货礼盒新年临安山核桃仁礼盒中秋送礼","P04","M06","S06","","cases/metadata/C-022.json","","https://img.alicdn.com/imgextra/i2/2213990792954/O1CN01R3hlwp1Xgz4jOeuv4_!!2213990792954.png_q50.jpg_.webp","天猫","https://detail.tmall.com/item.htm?id=979632225962&skuId=5937745633755","external_research_reference","false","draft","","","research_reference_only","third_party_unverified","","false",""
"C-023","NING眼霜细纹眼袋抗皱男女提拉焕亮眼周","P04","M02","S01","R-012","cases/metadata/C-023.json","","https://img.alicdn.com/imgextra/i3/2210465709285/O1CN01c1GO5S2ISaTPakyPy_!!2210465709285.png_q50.jpg_.webp","淘宝","https://item.taobao.com/item.htm?id=847108752325&skuId=5796820042888","external_research_reference","false","draft","","","research_reference_only","third_party_unverified","","false",""
"C-024","MUJI秋梨香味蜡烛","P04","M05","S01","","cases/metadata/C-024.json","","https://img13.360buyimg.com/n1/jfs/t20270928/536888/24/2275/97737/6aba025fF503d69aa/0944320320b31f09.jpg","京东","https://item.jd.com/product/2DCxGOykq1vfyaGuulPMlA.html","external_research_reference","false","draft","","","research_reference_only","third_party_unverified","","false",""
"C-025","【新西兰原装进口】蜜兰达成人纯绵羊奶粉中老年人送礼","P06","M03","S06","","cases/metadata/C-025.json","","https://gw.alicdn.com/imgextra/O1CN01HNeH2PHkoVF2vHAO_!!3190525858-0-picasso.jpg_q50.jpg_.webp","天猫","https://detail.tmall.com/item.htm?id=942024736100&skuId=6006822051325","external_research_reference","false","draft","","","research_reference_only","third_party_unverified","","false",""
"C-026","小熊QZG-J15M1空气炸锅","P05","M02","S01","","cases/metadata/C-026.json","","https://img14.360buyimg.com/n1/jfs/t1/525413/19/14774/135678/6abc6231F878b4a90/008332032038f8e0.jpg","京东","https://item.jd.com/product/w4cCZP7Rl6oTsZNGdrjJ2g.html","external_research_reference","false","draft","","","research_reference_only","third_party_unverified","","false",""
"C-027","米家P1智能空气炸锅","P05","M03","S01","","cases/metadata/C-027.json","","https://img14.360buyimg.com/n1/jfs/t1/530481/13/10477/127742/6abc7c1dF7bdc9def/0083320320906b64.jpg","京东","https://item.jd.com/product/RQg2nQn3DkLTCCtjkYLUVw.html","external_research_reference","false","draft","","","research_reference_only","third_party_unverified","","false",""
"C-028","雷柏V700DIY-98机械键盘","P01","M01","S02","","cases/metadata/C-028.json","","https://img11.360buyimg.com/n1/jfs/t1/508536/30/9591/74753/6a96961cFfe5589cb/00833203203db1aa.jpg","京东","https://item.jd.com/product/TZkjPb3mSFYXhrU4g1-0kg.html","external_research_reference","false","draft","","","research_reference_only","third_party_unverified","","false",""
"C-029","AMOR HOUR梅子煎茶香薰蜡烛","P04","M06","S06","","cases/metadata/C-029.json","","https://img11.360buyimg.com/n1/jfs/t1/364469/38/888/183324/691aef03Fd5fdb066/c7a81486ddcc24b9.jpg","京东","https://item.jd.com/product/xnJ1Cn7B-jhM76qfIeSoSA.html","external_research_reference","false","draft","","","research_reference_only","third_party_unverified","","false",""
"C-030","膳魔师JNL-403保温杯","P02","M03","S03","R-001;R-101;R-203","cases/metadata/C-030.json","https://img13.360buyimg.com/n1/jfs/t1/523217/23/7647/46122/6aab979eF7ad6bd01/0083320320d93d4a.jpg","https://img13.360buyimg.com/n1/jfs/t1/523217/23/7647/46122/6aab979eF7ad6bd01/0083320320d93d4a.jpg","京东","https://item.jd.com/product/hxeEvUBCkL80TvdlNB9SPg.html","external_reference_pinned","true","approved","C_group + project_owner + A_group","2026-10-04T00:00:00+08:00","internal_reference_seed","internal_reference_authorized","AUTH-SEED-1.0-001","false","911f44bcff2bf10e7a05042622c3888a26e3637a7f1cf25b4a592ca5944a52c4"
"C-031","稚优泉双头唇釉镜面水光唇蜜唇油唇彩","P01","M05","S05","","cases/metadata/C-031.json","","https://gw.alicdn.com/imgextra/O1CN01h1YgZaKDY7C1WPjS_!!776151038-0-picasso.jpg_q50.jpg_.webp","天猫","https://detail.tmall.com/item.htm?id=703479445512&skuId=6142486233172","external_research_reference","false","draft","","","research_reference_only","third_party_unverified","","false",""
"C-032","卡姿兰粉底液黑磁粉底液遮瑕","P01","M05","S05","","cases/metadata/C-032.json","","https://img.alicdn.com/imgextra/i2/755579902/O1CN01SaLTyvaJEdE1WPjS_!!755579902.jpg_q50.jpg_.webp","天猫","https://detail.tmall.com/item.htm?id=901851334839&skuId=6059445536894","external_research_reference","false","draft","","","research_reference_only","third_party_unverified","","false",""
"C-033","Coldelement滑雪服套装男女款情侣单板美式宽松防水保暖滑雪衣裤","P01","M03","S04","","cases/metadata/C-033.json","","https://gw.alicdn.com/imgextra/O1CN01b1sb3e2MaYI2vHAO_!!2217798919996-0-picasso.jpg_q50.jpg_.webp","天猫","https://detail.tmall.com/item.htm?id=1079393373422&skuId=6295889083836","external_research_reference","false","draft","","","research_reference_only","third_party_unverified","","false",""
"C-034","ISEEMIGGA【破碎爱心】26新款3L滑雪服男女防寒保暖滑雪衣裤套装","P01","M03","S04","","cases/metadata/C-034.json","","https://img.alicdn.com/imgextra/i1/2216212623544/O1CN017F26Z4y0TTC2vHAO_!!4611686018427383992-0-item_pic.jpg_q50.jpg_.webp","天猫","https://detail.tmall.com/item.htm?id=1084120535943&skuId=6304504174101","external_research_reference","false","draft","","","research_reference_only","third_party_unverified","","false",""
"C-035","水月雨PILL音乐胶囊ows耳夹式耳机药丸无线蓝牙6.0运动跑步2025年","P01","M05","S02","","cases/metadata/C-035.json","","https://img.alicdn.com/imgextra/i2/2212572610531/O1CN01ol87bu1FnFRywo2TI_!!4611686018427387875-0-item_pic.jpg_q50.jpg_.webp","天猫","https://detail.tmall.com/item.htm?id=911711529600&skuId=5773816636112","external_research_reference","false","draft","","","research_reference_only","third_party_unverified","","false",""
"C-036","非一次性雨衣成人加厚户外登山徒步雨披长款全身防暴雨儿童便携","P01","M03","S04","","cases/metadata/C-036.json","","https://img.alicdn.com/imgextra/i1/2217514645257/O1CN01fFkQu41ohlFVofm0i_!!4611686018427385609-0-item_pic.jpg_q50.jpg_.webp","天猫","https://detail.tmall.com/item.htm?id=1040087236695&skuId=6224822598567","external_research_reference","false","draft","","","research_reference_only","third_party_unverified","","false",""
"C-037","奇古堂保温杯陶瓷咖啡杯外出便携带水杯","P01","M05","S01","","cases/metadata/C-037.json","","https://img.alicdn.com/imgextra/i2/2448754880/O1CN01BKxKXX1lv5xHJErsq_!!2448754880.jpg_q50.jpg_.webp","天猫","https://detail.tmall.com/item.htm?id=1062600721342&skuId=6273051899287","external_research_reference","false","draft","","","research_reference_only","third_party_unverified","","false",""
"C-038","沐韩大容量陶瓷内胆保温杯吸管杯高颜值便携保冷杯冰霸杯水杯杯子","P01","M05","S04","","cases/metadata/C-038.json","","https://img.alicdn.com/imgextra/i3/2874262924/O1CN01h1tMIA1XTFCzjYnl8_!!2874262924.jpg_q50.jpg_.webp","天猫","https://item.taobao.com/item.htm?id=1001583767500&skuId=6243354351212","external_research_reference","false","draft","","","research_reference_only","third_party_unverified","","false",""
"C-039","奥克斯高速吹风机家用大风力功率高速电吹风机负离子护发静音速干","P03","M02","S01","","cases/metadata/C-039.json","","https://img.alicdn.com/imgextra/i2/3171543662/O1CN01HFAmpM7G60H2CiCk_!!4611686018427382382-2-item_pic.png_q50.jpg_.webp","天猫","https://detail.tmall.com/item.htm?id=958379302807&skuId=6110552977278","external_research_reference","false","draft","","","research_reference_only","third_party_unverified","","false",""
"C-040","STG腰靠靠垫工位久坐神器办公室好物护腰靠背垫腰部坐垫","P01","M05","S01","","cases/metadata/C-040.json","","https://img.alicdn.com/imgextra/i4/2219483430885/O1CN01yMvIjehk9ND1chua_!!4611686018427387877-0-item_pic.jpg_q50.jpg_.webp","天猫","https://detail.tmall.com/item.htm?id=946211715519&skuId=6048285649197","external_research_reference","false","draft","","","research_reference_only","third_party_unverified","","false",""
"C-041","蕉内热皮702++男士羊毛半拉链机能运动长袖t恤上衣","P04","M03","S01","","cases/metadata/C-041.json","","https://img.alicdn.com/imgextra/i3/3035493001/O1CN01E1cqVB5pivC32pSu_!!4611686018427384457-0-item_pic.jpg_q50.jpg_.webp","天猫","https://detail.tmall.com/item.htm?id=967708069856&skuId=6292188650832","external_research_reference","false","draft","","","research_reference_only","third_party_unverified","","false",""
"C-042","耐克酷菠萝青少年平底运动鞋秋男女童低帮板鞋NIKE COURT DV5456","P01","M05","S04","","cases/metadata/C-042.json","","https://img.alicdn.com/imgextra/i2/890482188/O1CN01dytfgrlSNLJ1WPjS_!!4611686018427383308-0-item_pic.jpg_q50.jpg_.webp","天猫","https://detail.tmall.com/item.htm?id=840100024069&skuId=6142897524879","external_research_reference","false","draft","","","research_reference_only","third_party_unverified","","false",""
"C-043","HP/惠普EliteBook14Pro15笔记本电脑i5酷睿i7轻薄本学生商务办公","P02","M04","S02","R-204","cases/metadata/C-043.json","","https://img.alicdn.com/imgextra/i3/2217477828069/O1CN01YiqlOr29TeshuZOrB_!!2217477828069.jpg_q50.jpg_.webp","天猫","https://item.taobao.com/item.htm?id=873722122526&skuId=6134544449957","external_research_reference","false","draft","","","research_reference_only","third_party_unverified","","false",""
"C-044","Apple/苹果 13 英寸 MacBook Air Apple M5 芯片 10 核中央处理器 8 核图形处理器 16GB 统一内存 512GB 固态硬盘","P02","M04","S02","","cases/metadata/C-044.json","","https://img.alicdn.com/imgextra/i1/1917047079/O1CN01MbF00q22AEsPTcHWG_!!1917047079-0-alimamacc.jpg_580x580q90.jpg_.webp","淘宝","https://detail.tmall.com/item.htm?id=1027343009758&skuId=6038539057396","external_research_reference","false","draft","","","research_reference_only","third_party_unverified","","false",""
"C-045","never彩豆笔波点系列低重心中性笔高颜值st头顺滑速干超级好写黑色水笔","P01","M05","S02","","cases/metadata/C-045.json","","https://img.alicdn.com/imgextra/i3/2200625085645/O1CN01HYZ2D9gFXFL2vH2e_!!4611686018427387085-0-item_pic.jpg_q50.jpg_.webp","天猫","https://detail.tmall.com/item.htm?id=1074244791557&skuId=6291615827626","external_research_reference","false","draft","","","research_reference_only","third_party_unverified","","false",""
"C-046","never蓝莓派中性笔低重心3支装","P01","M05","S02","","cases/metadata/C-046.json","","https://img.alicdn.com/imgextra/i1/2200625085645/O1CN01lTUI8y1rZSvcY6Oic_!!4611686018427387085-0-item_pic.jpg_q50.jpg_.webp","天猫","https://detail.tmall.com/item.htm?id=1046850910555","external_research_reference","false","draft","","","research_reference_only","third_party_unverified","","false",""
"C-047","Keep筋膜枪便携式运动跑步缓解酸痛按摩仪G3 mini","P01","M05","S04","","cases/metadata/C-047.json","","https://img.alicdn.com/bao/uploaded/i3/3619780669/O1CN01y6W8MV1GoS8d431wT_!!3619780669.jpg_q50.jpg_.webp","天猫","https://detail.tmall.com/item.htm?id=1053372680580&skuId=6086797820602","external_research_reference","false","draft","","","research_reference_only","third_party_unverified","","false",""
"C-048","Laifen徕芬扫振电动牙刷SE学生成人女生情侣全自动智能生日礼物","P04","M02","S01","R-012","cases/metadata/C-048.json","","https://img.alicdn.com/imgextra/i2/2210228979227/O1CN01hq5y7GgELgC2vHAO_!!4611686018427381275-0-item_pic.jpg_q50.jpg_.webp","天猫","https://detail.tmall.com/item.htm?id=841843498052&skuId=5614393613241","external_research_reference","false","draft","","","research_reference_only","third_party_unverified","","false",""
"C-049","VISN 意式电动沙发客厅2026新款 真皮沙发意式轻奢高级感组合沙发","P04","M05","S01","R-007;R-106","cases/metadata/C-049.json","","https://img.alicdn.com/imgextra/i3/2213181607846/O1CN01ZPUtHf9dEBH1chua_!!2213181607846.jpg_q50.jpg_.webp","天猫国际","https://detail.tmall.com/item.htm?id=711962780864&skuId=5160651437977","external_research_reference","false","draft","","","research_reference_only","third_party_unverified","","false",""
"C-050","velosan温仑山鹅卵锅具套装全套家用不粘炒锅乔迁高颜值厨具组合","P03","M03","S01","","cases/metadata/C-050.json","","https://img.alicdn.com/imgextra/i4/2213896743544/O1CN015oZhmb1c3Co9FHbbH_!!4611686018427382392-0-item_pic.jpg_q50.jpg_.webp","天猫国际","https://detail.tmall.com/item.htm?id=674853906847&skuId=5571046804985","external_research_reference","false","draft","","","research_reference_only","third_party_unverified","","false",""
"C-051","REDMI Note 17 Pro手机红米note手机小米手机小米官方旗舰店官网新品小米note17pro","P05","M03","S02","","cases/metadata/C-051.json","","https://img.alicdn.com/imgextra/i1/1714128138/O1CN01tKlMzfheCJK1chua_!!4611686018427381002-2-item_pic.png_q50.jpg_.webp","天猫","https://detail.tmall.com/item.htm?id=1061692494573&skuId=6114869901132","external_research_reference","false","draft","","","research_reference_only","third_party_unverified","","false",""
"C-052","HUAWEI Pura X Max 双面阔型屏 AI灵感妙创 小艺伴随式AI 华为大阔折叠手机华为官方旗舰店","P04","M03","S02","","cases/metadata/C-052.json","","https://gw.alicdn.com/imgextra/O1CN010OaDtl6MdJI2vH2e_!!2838892713-0-picasso.jpg_q50.jpg_.webp","天猫","https://detail.tmall.com/item.htm?id=1041876113487&skuId=6229383307473","external_research_reference","false","draft","","","research_reference_only","third_party_unverified","","false",""
"C-053","【银河战舰700】首次试驾送收纳箱 吉利汽车","P02","M03","S03","R-001;R-101","cases/metadata/C-053.json","","https://img.alicdn.com/imgextra/i1/517581841/O1CN01w0ghLnpHqQB2vH2e_!!4611686018427382801-0-item_pic.jpg_q50.jpg_.webp","天猫","https://detail.tmall.com/item.htm?id=1083067150749&skuId=6137883017319","external_research_reference","false","draft","","","research_reference_only","third_party_unverified","","false",""
"C-054","乔氏汽车头枕车用靠枕颈枕靠垫车内座椅车枕头腰垫护腰护颈枕腰靠","P02","M05","S03","","cases/metadata/C-054.json","","https://img.alicdn.com/bao/uploaded/i4/738761620/O1CN01YolOdWf1JxH1WPjS-738761620.jpg_q50.jpg_.webp","天猫","https://detail.tmall.com/item.htm?id=662251406083&skuId=5071094414896","external_research_reference","false","draft","","","research_reference_only","third_party_unverified","","false",""
"C-055","炭食光牛肉肠高蛋白牛肉肠开袋即食减低脂肥早餐代餐饱腹主零食品","P01","M03","S01","","cases/metadata/C-055.json","","https://img.alicdn.com/imgextra/i3/2211366260396/O1CN01aTMKqkwVvwB1chua_!!4611686018427383468-0-item_pic.jpg_q50.jpg_.webp","天猫","https://detail.tmall.com/item.htm?id=1073605659410&skuId=6137672732276","external_research_reference","false","draft","","","research_reference_only","third_party_unverified","","false",""
"C-056","【燕窝&雪蛤】椴与雪即食燕窝雪蛤8瓶送产妇长辈高端滋补礼盒顺丰","P04","M06","S06","R-005;R-105;R-206","cases/metadata/C-056.json","","https://img.alicdn.com/imgextra/i4/2218631003850/O1CN01CFJ9OUqiuRK2vHAO_!!4611686018427387594-0-item_pic.jpg_q50.jpg_.webp","天猫","https://detail.tmall.com/item.htm?id=1013999019652&skuId=6186650655167","external_research_reference","false","draft","","","research_reference_only","third_party_unverified","","false",""
"C-057","嗓贝Salbei-Pastillen 瑞士进口鼠尾草润喉糖 ","P03","M03","S01","","cases/metadata/C-057.json","","https://img.alicdn.com/imgextra/i2/2213201063252/O1CN01gSMLUnbFAhF2vH2e_!!4611686018427383124-0-item_pic.jpg_q50.jpg_.webp","天猫","https://detail.tmall.com/item.htm?id=961328608026&skuId=6262432394604","external_research_reference","false","draft","","","research_reference_only","third_party_unverified","","false",""
"C-058","【玻璃瓶】长白山天然白桦树汁原液原汁官方旗舰店饮料桦树水NFC","P03","M03","S01","","cases/metadata/C-058.json","","https://img.alicdn.com/imgextra/i1/2218695153556/O1CN01Pm5esO1c8hXojTrIz_!!4611686018427385748-2-item_pic.png_q50.jpg_.webp","天猫","https://detail.tmall.com/item.htm?id=845028604430&skuId=5790405334157","external_research_reference","false","draft","","","research_reference_only","third_party_unverified","","false",""
"C-059","白熊喝喝奇奇与乔恩莫斯卡托青提冰起泡果酒生日礼物甜型白葡萄酒","P01","M03","S01","","cases/metadata/C-059.json","","https://img.alicdn.com/imgextra/i4/18058507/O1CN01XUNIlBDSM8H1chua_!!18058507.jpg_q50.jpg_.webp","天猫","https://item.taobao.com/item.htm?id=893236584687&skuId=6110992591037","external_research_reference","false","draft","","","research_reference_only","third_party_unverified","","false",""
"C-060","当当网 股票大作手回忆录 股市k线交易心理的教科书 金融时报推荐的投资炒股书籍 操盘手回忆录世界金融趋势技术指标分析 正版书籍","P04","M05","S02","","cases/metadata/C-060.json","","https://img.alicdn.com/imgextra/i1/1049653664/O1CN01w2YXTb1cwAIAku8lM_!!4611686018427384224-0-item_pic.jpg_q50.jpg_.webp","天猫","https://detail.tmall.com/item.htm?id=839642250934&skuId=6182360271688","external_research_reference","false","draft","","","research_reference_only","third_party_unverified","","false",""
"C-061","lecoco乐卡遛娃行李箱可坐骑儿童宝宝旅行箱拉杆箱溜娃遛娃神器","P03","M03","S01","","cases/metadata/C-061.json","","https://img.alicdn.com/imgextra/i4/1102195085/O1CN013du0Wk1nQz81YU512_!!4611686018427382157-2-item_pic.png_q50.jpg_.webp","天猫","https://detail.tmall.com/item.htm?id=893596152159&skuId=6094081805668","external_research_reference","false","draft","","","research_reference_only","third_party_unverified","","false",""
"C-062","babycare太空餐具儿童餐具礼盒学饮杯水杯保温碗叉勺子围兜便携","P03","M03","S01","","cases/metadata/C-062.json","","https://img.alicdn.com/imgextra/i3/2275046294/O1CN01xf8iDPLXIyJ1WPjS_!!4611686018427384726-2-item_pic.png_q50.jpg_.webp","天猫","https://detail.tmall.com/item.htm?id=721829207688&skuId=6211649218384","external_research_reference","false","draft","","","research_reference_only","third_party_unverified","","false",""
"C-063","TPOIMNS/T家 3D打印耗材 PETG HF 适用 拓竹A1 P1S P2S 3D打印机 创想三维 petg透明材料 哑光 大理石 线材R","P05","M02","S02","","cases/metadata/C-063.json","","https://img.alicdn.com/imgextra/i3/2219795181844/O1CN01krd4PT1PUbS28CkWS_!!4611686018427384084-0-item_pic.jpg_q50.jpg_.webp","天猫","https://detail.tmall.com/item.htm?id=928146803942&skuId=6271652918142","external_research_reference","false","draft","","","research_reference_only","third_party_unverified","","false",""
"C-064","中老年人钙片腿抽筋腰腿疼骨质疏松女性补钙官方旗舰店正品软骨","P06","M03","S01","","cases/metadata/C-064.json","","https://gw.alicdn.com/imgextra/O1CN010S67PEFR9nE1chua_!!2217254400585-0-C2M.jpg_q50.jpg_.webp","天猫","https://detail.tmall.com/item.htm?id=1007414538607&skuId=6170867283188","external_research_reference","false","draft","","","research_reference_only","third_party_unverified","","false",""
"C-065","Swisse斯维诗NAG熟氨糖维骨力中老年护关节疼痛正品官方旗舰店","P06","M03","S06","","cases/metadata/C-065.json","","https://img.alicdn.com/imgextra/i1/2794371653/O1CN01gTMu0ehjdME2R3yK_!!4611686018427386437-2-item_pic.png_q50.jpg_.webp","天猫","https://detail.tmall.hk/hk/item.htm?id=1042242643871&skuId=6065089872059","external_research_reference","false","draft","","","research_reference_only","third_party_unverified","","false",""
"C-066","欧姆龙HV-F311家用低频理疗仪腰椎颈椎多功能便捷式按摩治疗仪","P06","M04","S01","","cases/metadata/C-066.json","","https://img.alicdn.com/imgextra/i1/2852950279/O1CN01k3Xzsg5tIlK1chua_!!2852950279.jpg_q50.jpg_.webp","淘宝","https://item.taobao.com/item.htm?id=1053019960563&skuId=6250124227732","external_research_reference","false","draft","","","research_reference_only","third_party_unverified","","false",""
"C-067","一次性袜子男女通用免洗防臭日抛袜旅行丢丢袜便携旅游秋冬中短筒","P03","M03","S01","","cases/metadata/C-067.json","","https://img.alicdn.com/imgextra/i1/2219126766819/O1CN016Cc00H20F9sNxEp9i_!!4611686018427387107-0-item_pic.jpg_q50.jpg_.webp","天猫","https://detail.tmall.com/item.htm?id=898812113075&skuId=6110075672830","external_research_reference","false","draft","","","research_reference_only","third_party_unverified","","false",""
"C-068","遮阳伞防紫外线超强防晒晴雨两用女小巧便携五折叠胶囊太阳伞定制","P01","M05","S04","","cases/metadata/C-068.json","","https://img.alicdn.com/imgextra/i4/2216389668793/O1CN01QmQPgC2EpFkvYSpOI_!!4611686018427383737-0-item_pic.jpg_q50.jpg_.webp","天猫","https://detail.tmall.com/item.htm?id=952988460736&skuId=6041040016601","external_research_reference","false","draft","","","research_reference_only","third_party_unverified","","false",""
"C-069","强遮光床帘蚊帐一体式学生宿舍上铺大学寝室上下铺专用全包床幔","P01","M05","S01","","cases/metadata/C-069.json","","https://img.alicdn.com/imgextra/i4/264735371/O1CN01VVa0ck1pXyQLGSPLq_!!264735371.png_q50.jpg_.webp","天猫","https://item.taobao.com/item.htm?id=1073729021474&skuId=6123367816606","external_research_reference","false","draft","","","research_reference_only","third_party_unverified","","false",""
"C-070","食品级牛皮纸袋面包包装冰箱收纳汉堡烧烤外卖防油一次性打包袋子","P05","M01","S01","","cases/metadata/C-070.json","","https://img.alicdn.com/imgextra/i2/2204159488562/O1CN01hOFHKKR7H6F2CiCk_!!4611686018427384370-2-item_pic.png_q50.jpg_.webp","天猫","https://detail.tmall.com/item.htm?id=633506902962&skuId=4520861664268","external_research_reference","false","draft","","","research_reference_only","third_party_unverified","","false",""
"C-071","喜茶灵感花茶礼盒冷泡茶包伴手礼茶叶茉莉花茶礼物","P01","M05","S06","","cases/metadata/C-071.json","","https://img.alicdn.com/imgextra/i1/2207643658855/O1CN012qkI3XBOnSI1chua_!!4611686018427382375-0-item_pic.jpg_q50.jpg_.webp","天猫","https://detail.tmall.com/item.htm?id=727414796971&skuId=5843848093863","external_research_reference","false","draft","","","research_reference_only","third_party_unverified","","false",""
"C-072","柳橙汁棒打鲜橙含果肉果汁风味饮料浓浆冲饮商用店专用原料1.1kg","P05","M01","S01","R-011;R-104;R-201","cases/metadata/C-072.json","","https://img.alicdn.com/imgextra/i3/2960464722/O1CN01MIexFs1kkjDwrdfV4_!!2960464722.jpg_q50.jpg_.webp","淘宝","https://item.taobao.com/item.htm?id=626926452221&skuId=5791276790461","external_research_reference","false","draft","","","research_reference_only","third_party_unverified","","false",""
"C-073","猫力君原创粉色条纹翻领卫衣女秋冬小个子加绒加厚多巴胺减龄上衣","P01","M05","S01","","cases/metadata/C-073.json","","https://img.alicdn.com/imgextra/i2/151791696/O1CN01kMZkkV1OOokvzR5Yr_!!151791696.jpg_q50.jpg_.webp","淘宝","https://item.taobao.com/item.htm?id=877901085651&skuId=5884296178378","external_research_reference","false","draft","","","research_reference_only","third_party_unverified","","false",""
"C-074","山木宠物防猫抓免胶拼接地毯日式儿童卧室可拆洗隔音用方块地垫","P03","M05","S01","","cases/metadata/C-074.json","","https://img.alicdn.com/imgextra/i2/2222089604966/O1CN01NR7vG11mYU0JVO7LM_!!4611686018427383654-2-item_pic.png_q50.jpg_.webp","天猫","https://detail.tmall.com/item.htm?id=1028878732352&skuId=6301580930233","external_research_reference","false","draft","","","research_reference_only","third_party_unverified","","false",""
"C-075","u型枕旅行颈椎枕头记忆棉头枕u形脖枕护脖子靠枕护颈枕办公室便携","P02","M03","S04","","cases/metadata/C-075.json","","https://gw.alicdn.com/imgextra/O1CN01iaipos1mQErxi7u4x_!!2206588314948-0-C2M.jpg_q50.jpg_.webp","淘宝","https://detail.tmall.com/item.htm?id=988253672231&skuId=6117487247248","external_research_reference","false","draft","","","research_reference_only","third_party_unverified","","false",""
"C-076","丝飘抽纸加厚面纸面巾纸餐巾纸卫生纸家用抽纸纸巾纸抽整箱实惠装","P05","M01","S01","R-011;R-104;R-201","cases/metadata/C-076.json","","https://img.alicdn.com/imgextra/i1/2219435039392/O1CN01PEAXBSUmAcK1chua_!!4611686018427386528-0-item_pic.jpg_q50.jpg_.webp","天猫","https://detail.tmall.com/item.htm?id=965226486356&skuId=5909108377535","external_research_reference","false","draft","","","research_reference_only","third_party_unverified","","false",""
"C-077","官方血压血糖评估心电健康智能手环通话老人高精度监测睡眠血脂氧脏三高心率手表父母亲妈妈礼物","P06","M06","S06","","cases/metadata/C-077.json","","https://img.alicdn.com/imgextra/i2/2215206600638/O1CN01t9Bucx1GaFpQkAqef_!!2215206600638-0-alimamacc.jpg","天猫","https://detail.tmall.com/item.htm?id=817833383597&skuId=5521278169229","external_research_reference","false","draft","","","research_reference_only","third_party_unverified","","false",""
"C-078","越迈老人助行器手术后辅助行走器25mm加粗带轮可坐可折叠","P06","M06","S06","","cases/metadata/C-078.json","","https://img.alicdn.com/imgextra/i2/2222534503448/O1CN01nMRUraZSeXE2vHAO_!!2222534503448.jpg_q50.jpg_.webp","天猫","https://detail.tmall.com/item.htm?id=1065597666905&skuId=6279090147857","external_research_reference","false","draft","","","research_reference_only","third_party_unverified","","false",""
"C-079","白色口罩医用外科一次性医疗正品官方单独立包装","P05","M03","S04","","cases/metadata/C-079.json","","https://img.alicdn.com/imgextra/i3/2209812439013/O1CN01scRSDM2GS0tCDBRpG_!!4611686018427387877-0-item_pic.jpg_q50.jpg_.webp","天猫","https://detail.tmall.com/item.htm?id=731445740534&skuId=5240847183008","external_research_reference","false","draft","","","research_reference_only","third_party_unverified","","false",""
"C-080","三七分宽拉杆行李箱大容量防爆拉链前开口旅行箱多功能减震拉杆箱","P02","M03","S04","R-101;R-203","cases/metadata/C-080.json","https://img.alicdn.com/imgextra/i2/2215547697154/O1CN016xW93r22iaX3SlO8N_!!4611686018427385858-0-item_pic.jpg_q50.jpg_.webp","https://img.alicdn.com/imgextra/i2/2215547697154/O1CN016xW93r22iaX3SlO8N_!!4611686018427385858-0-item_pic.jpg_q50.jpg_.webp","天猫","https://detail.tmall.com/item.htm?id=958659221349&skuId=5886102088799","external_reference_pinned","true","approved","C_group + project_owner + A_group","2026-10-04T00:00:00+08:00","internal_reference_seed","internal_reference_authorized","AUTH-SEED-1.0-001","false","fc80c13f709fa0a99ce72d703d5d3d50530cb05347d37c9f208384fe58fb9d7b"
"C-081","适用苹果充电线器iPhone14手机数据线pd20W快充闪星官方旗舰店正品13promax专用12plus套装11平板iPad原8xr线","P02","M03","S02","R-006","cases/metadata/C-081.json","","https://gw.alicdn.com/imgextra/O1CN01l76XRLXif9K1WPjS_!!2208839228729-0-picasso.jpg_q50.jpg_.webp","天猫","https://detail.tmall.com/item.htm?id=1046936621685&skuId=6236897027193","external_research_reference","false","draft","","","research_reference_only","third_party_unverified","","false",""
